<?xml version="1.0" encoding="UTF-8"?>
<suppressions xmlns="https://jeremylong.github.io/DependencyCheck/dependency-suppression.1.3.xsd">
   <suppress>
      <notes><![CDATA[
      file name: spring-boot-starter-web-2.2.4.RELEASE.jar
      ]]></notes>
      <packageUrl regex="true">^pkg:maven/org\.springframework\.boot/spring-boot-starter-web@.*$</packageUrl>
      <cve>CVE-2023-20873</cve>
   </suppress>
   <suppress>
   <notes><![CDATA[
   	file name: spring-boot-starter-web-2.2.4.RELEASE.jar
  	]]></notes>
   	<packageUrl regex="true">^pkg:maven/org\.springframework\.boot/spring-boot-starter-web@.*$</packageUrl>
   	<cve>CVE-2022-27772</cve>
	</suppress>
	<suppress>
   <notes><![CDATA[
   file name: spring-boot-starter-web-2.2.4.RELEASE.jar
   ]]></notes>
   <packageUrl regex="true">^pkg:maven/org\.springframework\.boot/spring-boot-starter-web@.*$</packageUrl>
   <cve>CVE-2023-20883</cve>
</suppress>
<suppress>
   <notes><![CDATA[
   file name: spring-core-5.2.3.RELEASE.jar
   ]]></notes>
   <packageUrl regex="true">^pkg:maven/org\.springframework/spring-core@.*$</packageUrl>
   <cve>CVE-2022-22965</cve>
</suppress>
<suppress>
   <notes><![CDATA[
   file name: spring-core-5.2.3.RELEASE.jar
   ]]></notes>
   <packageUrl regex="true">^pkg:maven/org\.springframework/spring-core@.*$</packageUrl>
   <cve>CVE-2021-22118</cve>
</suppress>
<suppress>
   <notes><![CDATA[
   file name: spring-core-5.2.3.RELEASE.jar
   ]]></notes>
   <packageUrl regex="true">^pkg:maven/org\.springframework/spring-core@.*$</packageUrl>
   <cve>CVE-2020-5421</cve>
</suppress>
<suppress>
   <notes><![CDATA[
   file name: spring-core-5.2.3.RELEASE.jar
   ]]></notes>
   <packageUrl regex="true">^pkg:maven/org\.springframework/spring-core@.*$</packageUrl>
   <cve>CVE-2022-22950</cve>
</suppress>
<suppress>
   <notes><![CDATA[
   file name: spring-core-5.2.3.RELEASE.jar
   ]]></notes>
   <packageUrl regex="true">^pkg:maven/org\.springframework/spring-core@.*$</packageUrl>
   <cve>CVE-2022-22971</cve>
</suppress>
<suppress>
   <notes><![CDATA[
   file name: spring-core-5.2.3.RELEASE.jar
   ]]></notes>
   <packageUrl regex="true">^pkg:maven/org\.springframework/spring-core@.*$</packageUrl>
   <cve>CVE-2023-20861</cve>
</suppress>
<suppress>
   <notes><![CDATA[
   file name: spring-core-5.2.3.RELEASE.jar
   ]]></notes>
   <packageUrl regex="true">^pkg:maven/org\.springframework/spring-core@.*$</packageUrl>
   <cve>CVE-2023-20863</cve>
</suppress>
<suppress>
   <notes><![CDATA[
   file name: spring-core-5.2.3.RELEASE.jar
   ]]></notes>
   <packageUrl regex="true">^pkg:maven/org\.springframework/spring-core@.*$</packageUrl>
   <cve>CVE-2022-22968</cve>
</suppress>
<suppress>
   <notes><![CDATA[
   file name: spring-core-5.2.3.RELEASE.jar
   ]]></notes>
   <packageUrl regex="true">^pkg:maven/org\.springframework/spring-core@.*$</packageUrl>
   <cve>CVE-2022-22970</cve>
</suppress>
<suppress>
   <notes><![CDATA[
   file name: spring-core-5.2.3.RELEASE.jar
   ]]></notes>
   <packageUrl regex="true">^pkg:maven/org\.springframework/spring-core@.*$</packageUrl>
   <cve>CVE-2021-22060</cve>
</suppress>
<suppress>
   <notes><![CDATA[
   file name: spring-core-5.2.3.RELEASE.jar
   ]]></notes>
   <packageUrl regex="true">^pkg:maven/org\.springframework/spring-core@.*$</packageUrl>
   <cve>CVE-2021-22096</cve>
</suppress>
<suppress>
   <notes><![CDATA[
   file name: log4j-api-2.12.1.jar
  	 ]]></notes>
   	<packageUrl regex="true">^pkg:maven/org\.apache\.logging\.log4j/log4j-api@.*$</packageUrl>
   	<cve>CVE-2020-9488</cve>
	</suppress>
	<suppress>
   <notes><![CDATA[
   file name: tomcat-embed-core-9.0.30.jar
   ]]></notes>
   <packageUrl regex="true">^pkg:maven/org\.apache\.tomcat\.embed/tomcat-embed-core@.*$</packageUrl>
   <cpe>cpe:/a:apache:tomcat</cpe>
	</suppress>
	<suppress>
  	 <notes><![CDATA[
 	  file name: tomcat-embed-core-9.0.30.jar
 	  ]]></notes>
 	  <packageUrl regex="true">^pkg:maven/org\.apache\.tomcat\.embed/tomcat-embed-core@.*$</packageUrl>
 	  <cpe>cpe:/a:apache_tomcat:apache_tomcat</cpe>
	</suppress>
	<suppress>
   <notes><![CDATA[
   file name: tomcat-embed-websocket-9.0.30.jar
   ]]></notes>
   <packageUrl regex="true">^pkg:maven/org\.apache\.tomcat\.embed/tomcat-embed-websocket@.*$</packageUrl>
   <cpe>cpe:/a:apache:tomcat</cpe>
</suppress>
<suppress>
   <notes><![CDATA[
   file name: tomcat-embed-websocket-9.0.30.jar
   ]]></notes>
   <packageUrl regex="true">^pkg:maven/org\.apache\.tomcat\.embed/tomcat-embed-websocket@.*$</packageUrl>
   <cpe>cpe:/a:apache_tomcat:apache_tomcat</cpe>
</suppress>
</suppressions>